{
    "loss": 0.45440003275871277,
    "accuracy": 0.9482758641242981
}